{"cameraMode":{"drawMode":0,"name":"Shaded","section":"Shading Mode"},"sceneLighting":true,"audioPlay":false,"sceneViewState":{"showFog":true,"showMaterialUpdate":false,"showSkybox":true,"showFlares":true,"showImageEffects":true,"showParticleSystems":true},"in2DMode":false,"pivot":{"x":7.334174633026123,"y":5.463380336761475,"z":32.29158020019531},"rotation":{"x":-0.04466838389635086,"y":-0.017430748790502549,"z":-0.0008890332537703216,"w":0.9988921284675598},"size":32.93177795410156,"orthographic":false}