{"cameraMode":{"drawMode":0,"name":"Shaded","section":"Shading Mode"},"sceneLighting":true,"audioPlay":false,"sceneViewState":{"showFog":true,"showMaterialUpdate":false,"showSkybox":false,"showFlares":true,"showImageEffects":true,"showParticleSystems":true},"in2DMode":false,"pivot":{"x":-77.4249038696289,"y":121.57723999023438,"z":-3.609081268310547},"rotation":{"x":0.0001890872954390943,"y":-0.9872814416885376,"z":-0.0011634619440883399,"w":-0.15897801518440247},"size":524.5043334960938,"orthographic":false}